,PCA RandomForestRegressor9,RF Ridge,MI RandomForestRegressor12,PCA RandomForestRegressor6,MI GradientBoostingRegressor8,PCA GradientBoostingRegressor12,RF SVRpoly2,MI GradientBoostingRegressor6,MI RandomForestRegressor2,MI RandomForestRegressor4,RF GradientBoostingRegressor7,ANOVA SGDl1,ANOVA RandomForestRegressor5,RF RandomForestRegressor8,RF SVRrbf,MI SVRpoly2,ANOVA SVRpoly3,ANOVA GradientBoostingRegressor9,ANOVA GradientBoostingRegressor10,PCA GradientBoostingRegressor1,ANOVA SVRrbf,PCA GradientBoostingRegressor5,ANOVA GradientBoostingRegressor14,PCA GradientBoostingRegressor3,PCA SVRpoly,MI GradientBoostingRegressor14,PCA SVRrbf,ANOVA SVRlinear3,RF SGDl1,ANOVA SVRlinear2,MI GradientBoostingRegressor11,MI GradientBoostingRegressor13,ANOVA RandomForestRegressor10,MI SVRlinear2,PCA Ridge,MI SVRlinear,RF SVRlinear2,PCA RandomForestRegressor12,ANOVA GradientBoostingRegressor2,RF SVRlinear,ANOVA GradientBoostingRegressor6,ANOVA SVRlinear,ANOVA LinearRegression,MI SVRrbf,RF RandomForestRegressor10,MI GradientBoostingRegressor12,RF GradientBoostingRegressor14,PCA RandomForestRegressor10,MI Ridge,ANOVA SVRpoly2,RF SGDl2,ANOVA RandomForestRegressor7,PCA SVRpoly2,MI GradientBoostingRegressor1,MI RandomForestRegressor5,RF RandomForestRegressor5,PCA GradientBoostingRegressor10,ANOVA GradientBoostingRegressor5,MI GradientBoostingRegressor10,PCA GradientBoostingRegressor9,ANOVA SGDl2,ANOVA RandomForestRegressor9,PCA SVRlinear2,ANOVA RandomForestRegressor6,PCA RandomForestRegressor5,ANOVA GradientBoostingRegressor11,PCA RandomForestRegressor11,RF RandomForestRegressor4,MI SGDl1,RF RandomForestRegressor9,RF GradientBoostingRegressor12,ANOVA RandomForestRegressor11,ANOVA RandomForestRegressor3,RF SVRlinear3,RF GradientBoostingRegressor5,PCA GradientBoostingRegressor14,PCA RandomForestRegressor2,ANOVA GradientBoostingRegressor7,MI GradientBoostingRegressor2,MI RandomForestRegressor7,MI SVRpoly,RF GradientBoostingRegressor8,PCA GradientBoostingRegressor6,PCA RandomForestRegressor8,PCA GradientBoostingRegressor7,RF ElasticNet,PCA GradientBoostingRegressor13,RF SVRpoly,MI RandomForestRegressor9,RF RandomForestRegressor2,MI RandomForestRegressor8,RF GradientBoostingRegressor3,MI GradientBoostingRegressor5,ANOVA GradientBoostingRegressor13,RF RandomForestRegressor3,ANOVA GradientBoostingRegressor3,RF GradientBoostingRegressor10,RF RandomForestRegressor7,RF GradientBoostingRegressor9,RF GradientBoostingRegressor11,ANOVA GradientBoostingRegressor12,PCA RandomForestRegressor3,PCA GradientBoostingRegressor8,RF LinearRegression,MI RandomForestRegressor6,PCA GradientBoostingRegressor2,ANOVA RandomForestRegressor2,MI GradientBoostingRegressor3,PCA RandomForestRegressor1,RF GradientBoostingRegressor13,RF RandomForestRegressor12,PCA RandomForestRegressor7,MI SVRpoly3,MI RandomForestRegressor3,ANOVA ElasticNet,RF RandomForestRegressor11,RF GradientBoostingRegressor6,MI RandomForestRegressor1,RF RandomForestRegressor1,ANOVA Ridge,RF RandomForestRegressor6,ANOVA RandomForestRegressor12,PCA SGDl2,ANOVA RandomForestRegressor1,MI SVRlinear3,MI ElasticNet,PCA SGDl1,PCA LinearRegression,PCA SVRpoly3,ANOVA GradientBoostingRegressor8,MI GradientBoostingRegressor7,MI RandomForestRegressor10,PCA RandomForestRegressor4,RF SVRpoly3,RF GradientBoostingRegressor1,PCA SVRlinear,MI GradientBoostingRegressor9,ANOVA SVRpoly,ANOVA GradientBoostingRegressor1,ANOVA RandomForestRegressor8,ANOVA RandomForestRegressor4,RF GradientBoostingRegressor2,MI LinearRegression,MI SGDl2,MI RandomForestRegressor11,PCA ElasticNet,PCA SVRlinear3,PCA GradientBoostingRegressor11
0,0.2711149537257355,0.20720208104561394,0.09983081572177052,0.2711149537257355,0.1954411170926766,0.28653197324929397,0.2272503305936616,0.1920550042369364,0.10132314204081963,0.12400562750645362,0.19232820497561812,0.2566664389642879,0.10970943629558323,0.10391807655793213,0.1863633850166677,0.25661802902408626,0.25046514334905146,0.17652082250888612,0.1998385197360716,0.2865319732492937,0.188018390601568,0.2865319732492937,0.06265029676185681,0.28653212177725684,0.2911569104422315,0.07471511133589122,0.2847096053564473,0.2180677255009825,0.2561204937950357,0.21805482455931813,0.19004835113966523,0.19496970824068088,0.08952371333594669,0.22138725423832128,0.28460668242597137,0.2214058261431306,0.21068367070553473,0.2710699783500216,0.17859075319505152,0.21079398278268652,0.17859075319505152,0.21829217796769104,0.213752216714632,0.19775864422906567,0.10299947525461144,0.19086791231577674,0.08513050888430941,0.27108932002744746,0.21741613456400227,0.2504646434755332,0.25609926623301194,0.09259487779712416,0.2911538697731584,0.1899768767513791,0.12189648559266204,0.1209968603807546,0.2868058489375638,0.17516018975880587,0.2059091955192325,0.286531973249294,0.2566448516229842,0.09031593054417113,0.29784339363114576,0.1095564079816038,0.27116981727952005,0.1752654340135616,0.2710987674428892,0.12195354344966312,0.28378806530761985,0.10333553748498964,0.1892186013336962,0.0896522354246811,0.08988835306530098,0.21075427598977287,0.1883758658952743,0.2710508049451646,0.27116981727952005,0.183066247507244,0.1920550042369364,0.10464955766969132,0.2566188548025498,0.19316833492317134,0.2865319732532394,0.27116981727952005,0.28653212177725684,0.20754054394825813,0.2865326327741653,0.2272486895600729,0.1013783588681598,0.10347821806891032,0.10180691881956032,0.19232820497561812,0.1899768767513791,0.18412861712704276,0.10289185664587816,0.183066247507244,0.20361830522002344,0.10529838381191127,0.1892186013336962,0.1884427160809491,0.17652082250888612,0.2711149537257355,0.28653377506051164,0.2070680973756526,0.12167240388554153,0.2865319732532394,0.09016654294126583,0.19441003270495624,0.2712291967547485,0.1927834549687675,0.1028129316656178,0.2712291967547485,0.2566389259604633,0.10090085903397172,0.21460462162910526,0.10299444806062777,0.190320773982228,0.1041991508509934,0.10489350847707993,0.21391791655604248,0.12061989682442598,0.0887967889115411,0.2913415142903625,0.0922071740787924,0.22135315051169985,0.21752090861762333,0.291340566693843,0.2841818595355144,0.2912438768976734,0.18500961014868986,0.19441003270495624,0.1002676811717776,0.2712291967547485,0.22725027239775267,0.1883758658952743,0.29774259881567683,0.19086791231577674,0.2504660390416297,0.17516018975880587,0.09059367868494657,0.11116826263586,0.190320773982228,0.2172594540159586,0.2837476844612939,0.10068019631841818,0.2891017312180545,0.2978422708923013,0.28653197324929375
1,0.18893100304068647,0.20452391353788865,0.08793634418637827,0.2030121661166172,0.18945254418744514,0.25917936551481807,0.21651997213457758,0.18519188842615936,0.08924749991404403,0.11127539810717628,0.18387955824402102,0.2473523130239053,0.10314142198152172,0.08806596373919985,0.1812077857614353,0.22956557337598288,0.22526344685954205,0.17255595777802407,0.19769985709821747,0.2579603403269173,0.1816633442281924,0.2579603403269173,0.0532278254950469,0.26307343200139377,0.2685496151211891,0.05821185466281656,0.2405050201704303,0.20821546603324428,0.2570161114654121,0.20817907127978352,0.18238690986914202,0.1888494401358566,0.08338712720649784,0.2140562395554225,0.27728099837330594,0.21420646237389035,0.20812345434624446,0.18843908232237028,0.17490063229856126,0.2081149501086201,0.17490063229856126,0.20848949144648432,0.20418576504507335,0.18736614870126697,0.08720836529044387,0.18357737776201097,0.05837730857081274,0.1885047504136292,0.21014148345872166,0.225396142743638,0.2569918868528477,0.08637272000168443,0.26858967335389655,0.18228103376763935,0.10921710711836163,0.10625672129107484,0.2682314222457515,0.17086219282089354,0.2019546469661805,0.2591793655148181,0.24732773437733874,0.0839868973566897,0.291409249521352,0.10295652961141157,0.2031144800400071,0.17099702964146724,0.18859323186889668,0.10764305121065866,0.2632952104683721,0.0876605084945251,0.17799171488302398,0.08345169444566873,0.08359870825407296,0.20822778294160413,0.17627201619988422,0.17422924861515135,0.18888070513790028,0.17972869219756288,0.18519188842615936,0.09260539444276784,0.2295497497274861,0.18573579795411735,0.26060646017219663,0.18914954105189666,0.26307343200139377,0.20481025794841307,0.26359851541565704,0.2169033182386673,0.08932547184184295,0.08770872785285096,0.08964645187197932,0.18387955824402102,0.18228103376763935,0.18087297234010927,0.08730299816073073,0.17972869219756288,0.2011079036298075,0.08998690595023542,0.17799171488302398,0.17643779769998177,0.17255595777802407,0.18865442450839198,0.2640036213391669,0.2039315227794302,0.10902352573883596,0.26060646017219663,0.0838151058847053,0.18814014076083094,0.19020607638906206,0.18485770850382913,0.08689042536741258,0.19045245519762533,0.2295837598075193,0.08893583201904746,0.20507481598752247,0.08722600890938988,0.18002907268866564,0.09223226160838344,0.08965066419252353,0.20453300850370934,0.1059437156881587,0.08273319411057609,0.2877113872947953,0.08601284346667211,0.2140189372983145,0.2105023950825249,0.2877127916820333,0.2765199664699201,0.268637270119563,0.18182565400331185,0.18814014076083094,0.08842808854240987,0.20383436658174764,0.2164827613058091,0.17627201619988422,0.29109440262834074,0.18357737776201094,0.2255147508097437,0.17086219282089354,0.0842071006871044,0.10463877494190624,0.18002907268866564,0.20979091417544934,0.26325294073861394,0.08872969251613427,0.2839770875614415,0.2914467285057152,0.25806752273029154
2,0.15871315519225415,0.20282933424445107,0.0800713653015368,0.17323148747192196,0.18147230253206312,0.24150272163984982,0.20723082220526268,0.1762173581685448,0.08134931091650625,0.10129200503075766,0.1789569056338764,0.2399813362996663,0.09958523274372907,0.08170431395230203,0.17722942442860584,0.2141053346251548,0.20992331288738716,0.16864212413201685,0.19580904234663965,0.239253018793746,0.1786333289607383,0.239253018793746,0.04859904768755777,0.2494129974390232,0.25238113466179585,0.04613921560446021,0.2184870927888813,0.20323250102190718,0.2528844674693227,0.20320901665044608,0.17270290120361823,0.1807105169408593,0.08087187374171258,0.2067113341807546,0.2669981202093621,0.20689319235481785,0.2063458924990117,0.15814888589292608,0.17125826221916907,0.20649929859098826,0.17125826221916907,0.2036180092221374,0.1991982056172368,0.17733530732058495,0.08090151653232427,0.17421202549940853,0.04647209384462648,0.158259608506125,0.2029383375614318,0.21027904646665238,0.25284884194012264,0.08382904249712607,0.2514644664831939,0.17257058075138396,0.0992796143725579,0.0987883779723681,0.2587389158869335,0.16665473309535156,0.19665272047259985,0.24150272163984984,0.23996182859992965,0.08137208498445828,0.27926859257850034,0.099366666408939,0.17348193134946646,0.16681610852208928,0.1583912556266172,0.1004705053713054,0.25163054940736096,0.08133058068614221,0.1715194485517129,0.08091159788732658,0.0810389995567432,0.20642648182449072,0.16934773025473215,0.1378336664800719,0.15892141051170472,0.17646933469677142,0.1762173581685448,0.08456057440433605,0.2148572063963869,0.18131814643714467,0.2442991988749123,0.15913612070668062,0.2494129974390232,0.2032950608776216,0.25052598349443,0.20802926225318796,0.08128824701828721,0.08142692457208961,0.08164928654239713,0.1789569056338764,0.17257058075138396,0.1777283035817667,0.08105281892653253,0.17646933469677142,0.19894363904999124,0.08406011193497077,0.1715194485517129,0.16954612940342606,0.16864212413201685,0.15849818819872394,0.25134513083980803,0.2018694384724452,0.09903625630356816,0.2442991988749123,0.08130589553423381,0.17983342202250285,0.16055863140102472,0.18020131618064295,0.08052214597924573,0.1607545462386629,0.21372033819552538,0.08098538748853902,0.20049028980479505,0.08092457087726226,0.1740895781511321,0.0842862076903851,0.083792886216175,0.19978740299997216,0.09849504215057464,0.08023310140542439,0.28463041531290845,0.08352158179089435,0.2066934732078222,0.2036953427784936,0.2846325136218497,0.2654860226944495,0.251184131027507,0.17878626785144486,0.17983342202250285,0.08054794035216375,0.1744150286104921,0.2069793528872005,0.16934773025473215,0.2806129031459693,0.17421202549940853,0.2111525156605832,0.16665473309535156,0.08163742221033593,0.10109698270589004,0.1740895781511321,0.2023316445824146,0.2515855980378324,0.08075765279568822,0.2766089063113437,0.2794153006410197,0.23945109392269728
3,0.14167089287637966,0.2014010282905873,0.0759662203979351,0.15601029884891893,0.17588946953410378,0.2305720000691061,0.1972679056671247,0.1694602329273523,0.0771939841480093,0.09550617677976604,0.17407628616341686,0.2352824708607068,0.0947249165883216,0.07838089834139396,0.17276768224540973,0.20133251350648698,0.1984145878973374,0.16351780961544776,0.1935329185924857,0.2275953678566312,0.1747884183327859,0.2275953678566312,0.04251425736283601,0.241429113772798,0.2402861294850875,0.03929751971170843,0.20433191287796587,0.19956080355188943,0.2477907623783222,0.19952631394038117,0.16521185023624213,0.17494396115902713,0.07740119517924084,0.1996043439883266,0.2602872503367464,0.19997623619651692,0.20481197590452735,0.14108048914229154,0.16647382266496016,0.20503433364807852,0.16647382266496016,0.20004038910340752,0.19546435999210826,0.17136450869052444,0.07763341259004714,0.1670506140373223,0.03955171446668226,0.14121430269620738,0.1960210468774737,0.1991720918386695,0.2477519091359204,0.08027452291125545,0.23661611263199667,0.16504804355755853,0.09352303483492366,0.0943453549235808,0.25382514783725724,0.16118248835017934,0.19301189834343027,0.2305720000691061,0.23526301677264844,0.07782741112445536,0.27112041670091597,0.0945434589850704,0.15639357954311414,0.16137258830620255,0.14133963061062282,0.09616799184740156,0.24403965851560605,0.0780399484036441,0.16553608393461614,0.07740019574639592,0.07754485195679107,0.20488445210791956,0.16306221874754795,0.1164583677372307,0.1420518103966672,0.17224679573754906,0.1694602329273523,0.08027157394861884,0.2031135592228756,0.1768511443504789,0.234366001203988,0.14222858962378032,0.241429113772798,0.20200708382703667,0.24297432405381153,0.1990874421498423,0.07704704862832129,0.07815704010067114,0.07743363775088531,0.17407628616341686,0.16504804355755853,0.1736655195905901,0.07781460351950195,0.17224679573754906,0.19667803516429647,0.08084267374982053,0.16553608393461616,0.16327979094270728,0.16351780961544776,0.14149671197758318,0.2441059314065187,0.20012641237941706,0.0932438353108692,0.234366001203988,0.07779110861923706,0.17385243014259186,0.14389623199467513,0.17555189315637007,0.077210260416661,0.14405833209650018,0.20054812819291068,0.07679931067387652,0.19752046703813966,0.07766076829897814,0.16845981458892126,0.0800577197091555,0.0806276575114362,0.1963111720187972,0.09406173650591307,0.07674707319169972,0.28299438340155625,0.08002002302651035,0.199583829200346,0.19704369929580626,0.2829970058261306,0.25838697894315105,0.23556601841555422,0.17487849063305091,0.17385243014259186,0.07645013547243534,0.1575318766885058,0.19667908154650923,0.16306221874754795,0.2735874857935805,0.1670506140373223,0.2017051735059859,0.16118248835017934,0.07806720242121001,0.09629666278832434,0.16845981458892126,0.19525461715889916,0.2439944418348382,0.07659479197427169,0.27027614112086085,0.27123135949657545,0.22784765080534655
4,0.1278891780449812,0.19831813601625764,0.07344710450425021,0.1409173742749368,0.17180573031793325,0.2128867856963624,0.18883376470354674,0.16450485183847344,0.07466163259400922,0.09174764882644383,0.1702335928758275,0.23103726380657316,0.09161001720744444,0.07634867893927685,0.16947774583478326,0.18970097901302543,0.1874974423861458,0.15953739208065948,0.19217328293728728,0.20967125572104728,0.17189146833283098,0.20967125572104728,0.03774158195973777,0.2244723403071624,0.22196780256559945,0.034680932545980474,0.18917935273020936,0.19684386998808784,0.24311895169630204,0.19676872076185936,0.15968121311482553,0.1707252897305229,0.07524081132980008,0.19486967575329886,0.24192292731499626,0.195366671795278,0.2016208005072713,0.12728684500973386,0.16287388244771936,0.20188235436017996,0.16287388244771936,0.19739859530227388,0.192668111416756,0.16616172260875048,0.07563432425545391,0.16177969929601183,0.0350982155811038,0.12745520232382065,0.19145031273478047,0.188555265616928,0.24307850394212574,0.0781349097806029,0.21748149908673908,0.159492084517912,0.08978072453598716,0.09135855567434573,0.2407416207136285,0.15683665669821004,0.19048376206829534,0.2128867856963624,0.23101656545780902,0.07565802586743313,0.2510876506863721,0.091423426775672,0.14127794339970362,0.1570595742995531,0.12756979807361693,0.09327994139183468,0.2388578137336574,0.07602112127692079,0.16060475200924934,0.07523941210713547,0.07541760902488515,0.20171976783647735,0.1577919035196545,0.10178667101054087,0.1282553280593232,0.16930221542999865,0.16450485183847344,0.07761971235370217,0.19256974948346595,0.17330650859389565,0.2169183914884205,0.12840224019904645,0.2244723403071624,0.19926134941299095,0.22616276462871882,0.19182101733894405,0.07446098800106693,0.07615483011716741,0.0748666172674985,0.1702335928758275,0.159492084517912,0.17089458459867402,0.07582670570869497,0.16930221542999865,0.1946690558945707,0.07889600038984679,0.16060475200924934,0.15802910254830682,0.15953739208065948,0.1277446125943196,0.2274667898175144,0.19680155218239306,0.0894746357305029,0.2169183914884205,0.07567339121858431,0.16947384763314055,0.13016665343712894,0.17186839481058286,0.0751887785817671,0.1303036755875376,0.18853548268399933,0.07425075228762289,0.19566420436062731,0.07566008478467143,0.16393837648810766,0.07744073038310811,0.07871400898548721,0.1937590556885252,0.09107726895451104,0.07457774374598153,0.2726671729500891,0.0779240359864492,0.1948500940074349,0.19277749559804264,0.27267296942355274,0.2400926332925513,0.2161826190701106,0.17226406203059036,0.16947384763314055,0.07394181423921667,0.14253600025207516,0.18771954523775888,0.1577919035196545,0.2532267289753854,0.16177969929601185,0.1923150239377646,0.15683665669821004,0.07590746015639775,0.09321228061008396,0.16393837648810766,0.1904912466031926,0.2388132227362625,0.07404512051677843,0.2503982991513021,0.2511784339651269,0.20993436197334936
5,0.1167713967473362,0.19529794438246975,0.07125590532141092,0.12903698807750238,0.16842379478400155,0.19924062803509804,0.18001617684362772,0.16019772036765398,0.0724709364983662,0.08868096371224897,0.16674657431769627,0.227988137596876,0.08939409111876462,0.07485719590339658,0.16575989600339794,0.1798995575649943,0.17871806507127672,0.1564929804619011,0.19095651671714425,0.19579767390746947,0.1693540736279733,0.19579767390746947,0.03438302916723106,0.21188113702930547,0.20799597773121056,0.03133283265650676,0.17795270408185834,0.19446219035612608,0.2388583674906988,0.19437814122649275,0.1547854984186726,0.16720761669991627,0.07372685195549586,0.19025666545509443,0.2289999575006405,0.19081119270609895,0.19846116845923217,0.11614316573865875,0.16014921924266182,0.19878756409924966,0.16014921924266182,0.19509560586715127,0.19016206614696726,0.16080500946646706,0.07417689055750891,0.15714224298281357,0.03181737751803999,0.11633675148245527,0.18695661425206572,0.18015793169417235,0.2388160191422901,0.07664270044599669,0.2024800430524209,0.15456995634735576,0.08671868296355745,0.08899958282593701,0.2314982264157545,0.15349918880029656,0.18844650641186173,0.19924062803509804,0.22796582442257515,0.07411481620739914,0.23702385226532732,0.0891925061726745,0.12939251599116972,0.1537475896490288,0.11643800627093275,0.09097685201464502,0.23449734709898945,0.07456830271370879,0.15591531177823212,0.07371756163849487,0.07389392662338418,0.19856970122219525,0.1527132162707039,0.08795023336573515,0.11713920288066082,0.16712075492666034,0.16019772036765398,0.07535567600110164,0.18386636388234587,0.1701613873458317,0.2035959264351835,0.11726933433027854,0.21188113702930547,0.19663731235463702,0.21376982356851623,0.18396575635245674,0.07224475284530497,0.07468768531987806,0.07265429527976491,0.16674657431769627,0.15456995634735576,0.16884310376467607,0.07439700493380834,0.16712075492666034,0.19298993363915104,0.07743997920304369,0.15591531177823212,0.1529862668057431,0.1564929804619011,0.11664308933118855,0.21526044288016005,0.19355758621175992,0.08639414392444877,0.2035959264351835,0.07417006491309566,0.1657917145464277,0.11914425190268195,0.16856546886912233,0.07370007106696996,0.11926771872501173,0.17832158702145828,0.07205990753434607,0.1940577066693452,0.07420937728788503,0.15968243055407566,0.07519678886093759,0.0772830526003746,0.19156430827715926,0.08873619829977569,0.07305940765735837,0.26487684789654753,0.0764447873253892,0.19023510627538634,0.18845834030378605,0.26489077538401673,0.2271351213263381,0.2008507986069619,0.1703271509433167,0.1657917145464277,0.07176124631471194,0.1307722025725513,0.17861543417495143,0.1527132162707039,0.2390336706759772,0.15714224298281354,0.18491305599138352,0.15349918880029656,0.07438615312071684,0.09102869610023044,0.15968243055407566,0.18576028789868326,0.2344542487149659,0.07184399182319813,0.2368097214578564,0.23710175849562998,0.19607478048596724
6,0.10876031429258072,0.19251243636020265,0.06955344075898988,0.12037324888411388,0.16534062389382606,0.18827153122186438,0.17248251122227432,0.15624830106761578,0.07076583726340659,0.08619955234932834,0.16419109985703526,0.2258783217247741,0.08766130264523816,0.07384930615698054,0.16252532353913926,0.17183260510610146,0.17072188847569816,0.15377628659412051,0.1898876529625465,0.1846277417725532,0.16656908127758452,0.1846277417725532,0.031756594020940845,0.2017239923979466,0.1975489109088992,0.02867505909733165,0.16985188687976002,0.1926159065200543,0.23581415480759904,0.19252121974459016,0.1503016613814463,0.16399400865649616,0.07261868593993209,0.18649300329670418,0.21969670438704392,0.18719903512163502,0.1953831126103202,0.1081101786795278,0.1576728053811158,0.19577606077572768,0.1576728053811158,0.19333688457785636,0.1881747143227532,0.1565109555972072,0.07317435454195398,0.15289155372895236,0.029318425298313244,0.10834058595362628,0.18334301744083853,0.17256099569244332,0.2357699882810445,0.07554402293677119,0.19122437552162128,0.15006393978496002,0.08421522032617226,0.08733623158294503,0.22403893963699795,0.15055581674546462,0.18668639635710335,0.1882715312218644,0.2258557891052883,0.07298257514978275,0.22681148283588268,0.08743004892193729,0.12073982808642253,0.1508261668055098,0.10842972311676324,0.08932582661958048,0.2311997002755476,0.07357735626033714,0.15238475714336847,0.07260648760310046,0.0727856225063467,0.19547872014651935,0.14887257344106694,0.0779458547469046,0.10913885470817432,0.1651018508655051,0.15624830106761578,0.07361030173542471,0.17689783067999867,0.16787807614360467,0.19289013784809486,0.10925592301725057,0.2017239923979466,0.19401120599687197,0.20379717151270124,0.17753331185291574,0.07052052944507747,0.07369872426704502,0.07093383938214175,0.16419109985703526,0.15006393978496002,0.16694468963809528,0.07342304125103839,0.1651018508655051,0.19179398858647828,0.07642028292226788,0.15238475714336847,0.1491710855425,0.15377628659412051,0.10864567285808878,0.20544317108576585,0.19043944749563024,0.08387767678664633,0.19289013784809486,0.07308300809008908,0.16242266176564366,0.11118110418649284,0.16615036896042898,0.07267526745686093,0.11129048389013188,0.16992719903129347,0.0703554288176365,0.19266889676210686,0.07322172584931239,0.15649686403093624,0.07346151107509816,0.07628604213078323,0.18992570834143996,0.08707158620435683,0.07196154183019897,0.25746427113719755,0.07536414246645808,0.18646616795680127,0.1850426390252617,0.2574806735341008,0.21764026136620904,0.18926574837238958,0.1685324306450196,0.16242266176564366,0.0700662275019943,0.12217653624374325,0.17071752101908585,0.14887257344106694,0.2287355042492393,0.15289155372895236,0.1783540747842865,0.15055581674546462,0.0732755972544163,0.08931607623145676,0.15649686403093624,0.18188466194454786,0.23115664843119502,0.0701342915824891,0.22707175356958675,0.2268809356730917,0.18491714542360718
7,0.10275670148985848,0.18954913393803888,0.06829761132933412,0.11384052723314292,0.16279133206901386,0.17970556328288464,0.16504835713990143,0.15281144018554546,0.06951327288801389,0.08426037893500711,0.16126054983500734,0.22426098871523206,0.08592446066029362,0.07280124223229598,0.15889363878475768,0.16546021619901852,0.1639049409826751,0.1509650547573675,0.1885278789566477,0.17587254697404936,0.16345958552056652,0.17587254697404936,0.029629835562603162,0.19388146931032832,0.1895748630655333,0.02655716144738013,0.1634737966660031,0.18923279196593987,0.2333039786526593,0.18914274293769776,0.14636651701226094,0.16131294666504128,0.07149986785046934,0.18258322280723524,0.21243343790651947,0.18356538534078376,0.19212211741264149,0.10210047170063304,0.15505123100172066,0.19260602241048794,0.15505123100172066,0.19011385332822686,0.1847292189511816,0.15284599772594468,0.07213405608318743,0.14916693089367059,0.02715886613609608,0.10235203063435266,0.17949504131358565,0.16600790428642798,0.23325967231755615,0.07440808797672338,0.18265403746894682,0.14610970616004165,0.08226165322615374,0.08558180677428913,0.21830998295333975,0.1475720684731464,0.18538914386747574,0.17970556328288464,0.2242369672416546,0.07183384020692253,0.21882975983111008,0.08567521327588834,0.11421569455759392,0.14785540620868862,0.10243735014138687,0.08758906733304725,0.2288388705129791,0.07254395323700127,0.14836031128770313,0.07146828372081915,0.07165644071016339,0.19221503984981012,0.14457621861862824,0.07039911831399517,0.10314178914556653,0.16285200028675345,0.15281144018554546,0.07232860568137701,0.1715055100021722,0.1652685553179167,0.18456538213248086,0.10324617901495768,0.19388146931032832,0.19136122802665448,0.19610671128668625,0.17122664782348285,0.06924757009713026,0.07266762776570276,0.06966704843508853,0.16126054983500734,0.14610970616004165,0.16480097393582863,0.07240557019800857,0.16285200028675345,0.1905146766078005,0.07538358121662131,0.14836031128770313,0.14489590614312184,0.1509650547573675,0.10265231563513337,0.19787546728181352,0.18723995066275387,0.08191655830721427,0.18456538213248086,0.07197948986724252,0.15958406000389627,0.10522916179159228,0.16339381946239942,0.07162226947143092,0.10532750669356178,0.16320657325221713,0.06909604517994228,0.18998406970627987,0.07218917449421662,0.15281802329444535,0.07219201617121235,0.07526520162651952,0.18666205115871204,0.0853227411948637,0.0708565310144966,0.2518384394475049,0.07424468867776025,0.18254171331525063,0.18140631103750385,0.2518563939855935,0.2101612717915932,0.18045764803265504,0.16648016948501135,0.15958406000389627,0.0688190750966572,0.11572183152230113,0.16298656380272625,0.14457621861862824,0.2206788628222416,0.1491669308936706,0.17267946751459626,0.1475720684731464,0.07215456721359091,0.0875752011833364,0.15281802329444535,0.1778633248642199,0.22879488973747,0.06887466010981863,0.21960758945681752,0.21891150060441417,0.17617408159594902
8,0.09784119280304836,0.18597763517595275,0.0673643099332392,0.10836000085082437,0.16089170571302874,0.1724071493450597,0.15826860529435008,0.15017839745386855,0.06859622665071408,0.08279806913628834,0.15848099353136053,0.22306637603463214,0.08457312185843281,0.07163973874745032,0.15522155512885547,0.1601763579702703,0.15857256208896064,0.14842515693147387,0.1874468309324569,0.16843200005829265,0.1609521164752021,0.16843200005829265,0.02789968796226559,0.18716998468419666,0.1816605745269,0.024888132277772673,0.1578422588023902,0.18608259301326016,0.23071367226735875,0.1859995565444759,0.143305250143705,0.15931078701218493,0.07064927866179323,0.1793725121577055,0.2060820363365757,0.180622056491297,0.18840697595871655,0.0971755644580492,0.15269860881140626,0.18894438316175566,0.15269860881140626,0.18708397126506834,0.18152537090054355,0.15011272648858875,0.07097024892877829,0.14628993042701047,0.02537182999719116,0.09744866471020072,0.1763567777389655,0.160886515396024,0.2306685221466015,0.07354637867309087,0.17434360395992227,0.1430300958071606,0.08079594998460142,0.08381430771280254,0.21333433178881092,0.14486655653257186,0.18442614375834784,0.1724071493450597,0.22304064357316225,0.07096258940943967,0.2119337324144993,0.08430680494191871,0.10873205192825572,0.14516477935103397,0.09753177587086002,0.08583618561794105,0.2269557371266132,0.07137132745640708,0.14461975562445306,0.07060588531118213,0.0707980473342776,0.1884945694772468,0.14059437744449965,0.06436336979847918,0.098230406041173,0.16089293338841076,0.15017839745386855,0.07138137698326609,0.16688533873716874,0.16277171225300174,0.17746397426806096,0.09832210376662512,0.18716998468419666,0.1879852498003804,0.18951891662273884,0.16523996321512252,0.06830396568972845,0.07151821244912725,0.06873855791084782,0.15848099353136053,0.1430300958071606,0.16295139784809853,0.07124424829126454,0.16089293338841076,0.18909472818458226,0.0742232886396532,0.14461975562445306,0.1409265897993216,0.14842515693147387,0.09774830527564084,0.19139013607934996,0.1835090576203728,0.08043802641901722,0.17746397426806096,0.07114692772686979,0.1574542693018446,0.10032474463087286,0.16076860200895765,0.07045120434619125,0.10041055123508613,0.1577006235568135,0.06816331995901355,0.18734611400134932,0.07102820159390985,0.14939752407946785,0.07125449700041367,0.07411906386531568,0.1836196582869664,0.08354774265513648,0.07002103727803065,0.2469369741393407,0.07339981984596193,0.17931555322780537,0.1785461646169927,0.2469563985026515,0.2036652907436668,0.17209641917322663,0.1647249213814324,0.1574542693018446,0.06789485450532308,0.11028145271038553,0.1560614305342421,0.14059437744449965,0.21373401732208014,0.14628993042701047,0.16823690883789655,0.14486655653257186,0.07130645044795955,0.08622195661765418,0.14939752407946785,0.17453637220603924,0.22690990185563295,0.06793935683474933,0.21313958157955015,0.21200747965912844,0.16873870736022778
9,0.09373342398650072,0.1826913637271594,0.06671051940947653,0.10382791255597802,0.15945873890202342,0.16600815347561468,0.15243393927425172,0.1481163327461317,0.06796285269896911,0.0817534184139523,0.15570002430618987,0.22211852554374467,0.08341217984332114,0.07054140566453776,0.1515094196040203,0.15613202097672904,0.15366818888102862,0.14603619003916338,0.18662424128379676,0.16193006372304458,0.15872129315018266,0.16193006372304458,0.0263954569121335,0.1811407423478785,0.1747086146359763,0.02355647263036793,0.15314128321041495,0.18344758917868126,0.2284117556526153,0.1833788662824843,0.1408618892696046,0.15779520210493472,0.0699538335887058,0.1767853851228548,0.19954273764707456,0.17840725532156554,0.18490701173564306,0.09306761143285686,0.15055203435107395,0.1855254945473697,0.15055203435107395,0.18456801516483906,0.17883324777160836,0.14817564375970455,0.0698662953828543,0.14401201974131747,0.023840998713899022,0.0933537105108145,0.17390600903449652,0.15613311762952004,0.22836656140702424,0.07284696590159517,0.16723586436950832,0.1405700085860483,0.07973140772398478,0.08215327190271246,0.20842363689088786,0.14227361978144445,0.1837328165968868,0.16600815347561468,0.22209289441942748,0.07025270028832166,0.20493638004887219,0.08312195226227004,0.10419253780116193,0.14258691956759165,0.0934327256203153,0.08419744453363975,0.2254971822998898,0.07025811901228521,0.14091711270941779,0.06990475263799875,0.07009959917585191,0.18500377036876295,0.13669490938542336,0.059562985678435744,0.094116506423638,0.15922221757564653,0.1481163327461317,0.07073889848342971,0.16341656007259,0.16029347552968354,0.17118266256732534,0.09420369374086912,0.1811407423478785,0.18487631349067707,0.18355452377390907,0.1598149101037573,0.06764533102737705,0.07043022887194228,0.06809537692547334,0.15570002430618987,0.1405700085860483,0.1613937891117427,0.07014262000858754,0.15922221757564653,0.18776992111105872,0.07313553861866065,0.1409171127094178,0.13703298843380263,0.14603619003916338,0.09364671832534166,0.185492393244364,0.17998217177629924,0.07935731029206122,0.17118266256732534,0.07046747769732419,0.15583204806678413,0.0961734724041003,0.158149534450801,0.06934443045170684,0.09625597611790138,0.15346121421905398,0.06751452879338075,0.1851655567856491,0.06991973524930549,0.14597547120837873,0.0706181401554882,0.07304080856092635,0.18109079514575235,0.08187572323757117,0.06932656685202074,0.24174084285662345,0.07270741010300477,0.17670055562506043,0.176340435212528,0.2417610524951885,0.19693407988580572,0.165014529158376,0.16325861206473893,0.15583204806678413,0.06724926163478849,0.1057343640681346,0.1501859284881277,0.13669490938542336,0.2067166602648183,0.14401201974131747,0.16401212938361046,0.14227361978144445,0.07061764833338426,0.08505899252219029,0.14597547120837873,0.17180564440280469,0.2254502389326017,0.06728713399396595,0.20660837301249765,0.20499722531668704,0.16224432195742763
