,RF SVRrbf,MI GradientBoostingRegressor10,MI SVRlinear,ANOVA GradientBoostingRegressor11,MI GradientBoostingRegressor2,MI RandomForestRegressor10,PCA GradientBoostingRegressor7,MI SVRpoly2,MI GradientBoostingRegressor13,MI SGDl2,PCA SVRlinear2,RF RandomForestRegressor11,ANOVA RandomForestRegressor15,ANOVA SGDl1,ANOVA GradientBoostingRegressor6,RF SGDl1,RF Ridge,ANOVA GradientBoostingRegressor7,MI RandomForestRegressor14,RF RandomForestRegressor7,RF RandomForestRegressor5,RF RandomForestRegressor9,MI RandomForestRegressor18,ANOVA ElasticNet,PCA GradientBoostingRegressor14,ANOVA RandomForestRegressor7,RF SGDl2,RF GradientBoostingRegressor5,MI GradientBoostingRegressor3,MI RandomForestRegressor15,RF GradientBoostingRegressor9,MI RandomForestRegressor3,ANOVA GradientBoostingRegressor3,MI RandomForestRegressor1,RF RandomForestRegressor14,PCA SGDl1,MI LinearRegression,PCA Ridge,MI ElasticNet,RF RandomForestRegressor18,RF RandomForestRegressor12,RF SVRlinear,ANOVA RandomForestRegressor3,PCA SVRpoly,PCA GradientBoostingRegressor2,MI SVRrbf,MI RandomForestRegressor7,ANOVA RandomForestRegressor8,ANOVA GradientBoostingRegressor12,PCA RandomForestRegressor14,ANOVA SVRlinear,PCA SVRpoly3,ANOVA SVRlinear3,PCA GradientBoostingRegressor9,PCA RandomForestRegressor3,PCA GradientBoostingRegressor10,ANOVA LinearRegression,RF GradientBoostingRegressor8,MI GradientBoostingRegressor14,PCA RandomForestRegressor8,PCA RandomForestRegressor17,MI RandomForestRegressor17,RF GradientBoostingRegressor12,MI GradientBoostingRegressor8,ANOVA GradientBoostingRegressor8,MI RandomForestRegressor4,RF RandomForestRegressor1,PCA SVRlinear3,ANOVA RandomForestRegressor13,ANOVA RandomForestRegressor2,ANOVA Ridge,RF RandomForestRegressor8,RF RandomForestRegressor6,RF RandomForestRegressor17,PCA GradientBoostingRegressor12,MI SVRlinear2,ANOVA RandomForestRegressor9,ANOVA GradientBoostingRegressor1,PCA GradientBoostingRegressor8,ANOVA SVRrbf,RF SVRpoly,ANOVA SVRpoly,ANOVA GradientBoostingRegressor14,MI SVRlinear3,PCA SVRrbf,PCA RandomForestRegressor6,MI GradientBoostingRegressor6,MI RandomForestRegressor16,RF GradientBoostingRegressor2,PCA RandomForestRegressor5,MI SVRpoly,ANOVA SVRlinear2,PCA RandomForestRegressor12,ANOVA SGDl2,RF GradientBoostingRegressor14,MI RandomForestRegressor9,RF RandomForestRegressor16,ANOVA RandomForestRegressor6,ANOVA GradientBoostingRegressor5,PCA SGDl2,ANOVA SVRpoly2,RF GradientBoostingRegressor7,MI GradientBoostingRegressor1,PCA RandomForestRegressor16,RF RandomForestRegressor10,RF GradientBoostingRegressor1,MI SGDl1,PCA GradientBoostingRegressor13,PCA ElasticNet,RF RandomForestRegressor15,ANOVA RandomForestRegressor5,MI GradientBoostingRegressor7,PCA GradientBoostingRegressor6,ANOVA RandomForestRegressor4,RF SVRlinear2,RF RandomForestRegressor2,ANOVA GradientBoostingRegressor2,PCA GradientBoostingRegressor1,PCA RandomForestRegressor1,ANOVA RandomForestRegressor10,MI RandomForestRegressor13,PCA GradientBoostingRegressor3,RF RandomForestRegressor4,ANOVA GradientBoostingRegressor9,PCA RandomForestRegressor10,ANOVA SVRpoly3,MI GradientBoostingRegressor9,MI RandomForestRegressor2,ANOVA RandomForestRegressor12,PCA RandomForestRegressor18,RF GradientBoostingRegressor13,MI SVRpoly3,PCA SVRpoly2,PCA GradientBoostingRegressor5,PCA LinearRegression,RF GradientBoostingRegressor6,ANOVA RandomForestRegressor17,ANOVA GradientBoostingRegressor13,PCA RandomForestRegressor13,ANOVA RandomForestRegressor1,MI RandomForestRegressor12,RF SVRlinear3,RF GradientBoostingRegressor11,PCA RandomForestRegressor9,RF GradientBoostingRegressor10,MI GradientBoostingRegressor12,MI RandomForestRegressor6,RF RandomForestRegressor13,RF ElasticNet,RF RandomForestRegressor3,ANOVA RandomForestRegressor11,MI GradientBoostingRegressor5,MI RandomForestRegressor5,ANOVA RandomForestRegressor16,ANOVA RandomForestRegressor18,PCA RandomForestRegressor2,PCA RandomForestRegressor7,MI RandomForestRegressor11,RF SVRpoly2,PCA SVRlinear,PCA RandomForestRegressor11,RF SVRpoly3,RF GradientBoostingRegressor3,PCA GradientBoostingRegressor11,MI RandomForestRegressor8,ANOVA RandomForestRegressor14,MI Ridge,PCA RandomForestRegressor15,PCA RandomForestRegressor4,MI GradientBoostingRegressor11,ANOVA GradientBoostingRegressor10,RF LinearRegression
0,0.18477897107755126,0.19257578735832553,0.22076179329535425,0.17573609885460206,0.1915099537298108,0.09959123943426178,0.28247271905362575,0.25427554952116443,0.19443933034808297,0.27963348398834387,0.29449227569599307,0.10268787825374001,0.09007475673215883,0.2541585531010535,0.17902770757487071,0.2536810289268094,0.20673804547246732,0.18341228104987772,0.09919929645374138,0.10504584624290514,0.1212450910894956,0.10306135851745174,0.0992315766392573,0.21383730780800364,0.2676827793921151,0.09284438428055107,0.25366096897464696,0.18823278245540384,0.1938799805054869,0.10023778257727613,0.19431960814832358,0.10023778257727613,0.18341228104987772,0.10352766693626245,0.10251663644525043,0.2872162888483111,0.21606539290868965,0.2806433263129555,0.21662103629704366,0.10253881585321593,0.10249951878976803,0.21143323390070845,0.09007475673215881,0.2880767686727934,0.2824725766771902,0.19392619126602606,0.10411283415898284,0.0908816051566465,0.17698470073412406,0.26770774030959354,0.21862674237923035,0.2881597821020858,0.21841347811837578,0.2824854677103703,0.2677469105352323,0.2824725777858694,0.2129976624143924,0.19309821007468317,0.07388154189297746,0.26780122889538865,0.26772282035043177,0.0992543265027555,0.18909676380772977,0.194907942560505,0.18530735247426075,0.12403798950933755,0.10460283036391288,0.2944912039907325,0.08910198420230477,0.09035599443179439,0.21316354075414423,0.10364818476010353,0.12082529679849548,0.10263967627078129,0.282472576673408,0.2207405440283388,0.09059989320251695,0.1756304799359474,0.28247430390550154,0.18487589229828305,0.22717461570676376,0.24912855291653593,0.06317861899490192,0.22070799008941117,0.28185830796614736,0.2677469105352323,0.1915099537298108,0.09999797900905923,0.1902204850106214,0.26780122889538865,0.25427581438838587,0.21840017644339282,0.2677018315514213,0.25413811503756345,0.08469568462172225,0.10086398818395505,0.10268787825374001,0.11055843139888033,0.1756304799359474,0.28721733892077367,0.24912718056767,0.19225610097874382,0.1894187679686721,0.26773086657673445,0.10269085609009254,0.18823278245540384,0.2796721920805995,0.28247320889974387,0.28494818514290976,0.10258396503753696,0.1107041094710237,0.1938799805054869,0.2824725766771902,0.1121264163281701,0.21132793448200216,0.10316961588830731,0.17902770757487071,0.28247257667340786,0.26785983713031897,0.08971183236761203,0.09927468893892394,0.28247271905362575,0.12218468749275671,0.18777355192001333,0.26772077700645747,0.24912796100859713,0.19636498404679725,0.10066010810802695,0.08899212894357143,0.26771039369844263,0.19271394239240225,0.2542956149881108,0.28807386618455444,0.28247257667340786,0.28023335019507417,0.1902204850106214,0.08944276596139344,0.18444962620916397,0.2677099486038664,0.09236342999246135,0.09915305727271288,0.2113953287611622,0.18830153976642808,0.26774691053523225,0.19115810246555737,0.19031370156462749,0.1217544716359316,0.10259074370054845,0.20709432456719504,0.10258396503753699,0.08984799198814146,0.1894187679686721,0.12200872368387015,0.08984799198814147,0.08919336227871462,0.26780122889538865,0.26785983713031897,0.09999797900905923,0.22717636093494165,0.29439606246304545,0.26773086657673445,0.22717658687704934,0.19225610097874382,0.28247257667340786,0.10131099104122634,0.08903867433864401,0.21622754242267633,0.26774691053523225,0.26785983713031897,0.18949040675262763,0.1809599738363268,0.20659488542826382
1,0.1747298835784855,0.18399061521728752,0.21118355808494982,0.1695517526258861,0.18267828366672106,0.08711220152853018,0.25684897537002366,0.22556301743104215,0.18625708784313352,0.25707556672081083,0.2849334426610198,0.08628273511698893,0.08284697707524173,0.24253732502697176,0.17341201834886807,0.2516007560726603,0.2018295080211473,0.1781292969458591,0.08663298448631183,0.0890361114783464,0.1056016673705514,0.08673531933568816,0.08675142799190223,0.20241027951390736,0.17081406434691054,0.08563852338507717,0.2515780598300775,0.17429797914544948,0.1855656053959989,0.08761703016969637,0.18617706329581674,0.08761703016969637,0.1781292969458591,0.0908579458031972,0.08595490398076894,0.2804641446094944,0.20635518205225836,0.27048740877944427,0.20735716110586927,0.0860699424346662,0.08594421820619512,0.20649440384260334,0.08284697707524175,0.2631118491164661,0.25448385132752294,0.1803470570942774,0.0912998334969194,0.08352335325307854,0.1710990233029086,0.18478252335663428,0.20685276508220962,0.26316850402306624,0.20657802137187184,0.2587072554602718,0.18496635071402315,0.2555813617004212,0.20151775523981305,0.1836032162372615,0.057019108041828186,0.18547137731209215,0.1848166069405365,0.08680570786041374,0.17599891481452093,0.1868427441621873,0.18015837679502683,0.11021228412238594,0.08868297863587721,0.28496615488546745,0.08208190612495528,0.0830633878475313,0.20187122270208596,0.0871438271526884,0.10527492056360387,0.08613063499970758,0.2531154487427641,0.21090773393503676,0.08330289786713257,0.1694176843488485,0.2577395699784086,0.17488190993191088,0.21453702581947953,0.22271893862652783,0.053029244141209346,0.2108567262613681,0.23321703626507562,0.1991289729021635,0.18267828366672106,0.08740836467031231,0.17801019737944898,0.199221203917834,0.22553067597461338,0.20654267172494362,0.18476611059634687,0.24251443722403512,0.05780826696228069,0.08808040532358932,0.08628273511698893,0.10274737220089661,0.1694176843488485,0.2804629500082859,0.222606629596502,0.1817938318871298,0.17982593262212,0.18490731635861826,0.0862622256133418,0.17429797914544948,0.2571156263553537,0.25735184220011453,0.2768199031136984,0.08636097537324104,0.1029371069381909,0.1855656053959989,0.25448385132752294,0.10438402169960984,0.20647900398465444,0.08676606035589196,0.17341201834886807,0.2519479435605555,0.18646454271174642,0.08263770969730211,0.08671795867582896,0.25684897537002366,0.1069307511630583,0.18284763247213648,0.18482259547893454,0.22247930344536035,0.18867976357914842,0.08793034415291329,0.08199708441947685,0.184852517131221,0.18275064998953303,0.22557998496567808,0.2631218756769787,0.2519479435605555,0.2697564870817677,0.17801019737944898,0.08239681445162902,0.17923823668507677,0.18480474469693792,0.08520966295316452,0.08662039155276449,0.2065737030039253,0.17446074475130635,0.18526096978426795,0.17968813132656594,0.1810960410160393,0.1080355314050455,0.08603309446876023,0.20216075318156548,0.08636097537324104,0.08270316784700232,0.17982593262212,0.10825916080163699,0.08270316784700232,0.08219963557223088,0.18518320205579783,0.1867320449528565,0.08740836467031232,0.21418208663430474,0.2846301446621925,0.18490731635861826,0.21414628950705505,0.1817938318871298,0.252050918070476,0.08841332666328422,0.08200642160142127,0.20669578159221647,0.18496635071402315,0.1999199047233195,0.17992971373986835,0.1755051183647908,0.20125133514035853
2,0.16655596450465146,0.17370041104661427,0.20182374441569306,0.16355465226092525,0.1721232398692644,0.07870971089080145,0.24096472963796442,0.20835858185397918,0.1764510906796709,0.24323238916193965,0.2702721797579566,0.07928049371636335,0.07943228579133528,0.23291764531706471,0.16790412468355226,0.24469028908053683,0.1977162998374145,0.17295521903723918,0.07823394906936215,0.08234406758078897,0.09717232001583433,0.07969960199207773,0.07839263828396796,0.1958079390255985,0.13398631551149234,0.08219327241690734,0.24465711090703593,0.16551275071818228,0.17560905813226696,0.07914265275714594,0.18025109082461424,0.07914265275714594,0.17295521903723918,0.08234210256018523,0.07887806965581232,0.2743254644965666,0.19695357128009205,0.25774726780150553,0.19856798226920566,0.07904086534790947,0.07887284390867767,0.20216885726143294,0.07943228579133528,0.2447917160085012,0.23609656308459376,0.16597063808238172,0.08265983511866107,0.08007243996642219,0.16534637015178133,0.1536643572750305,0.1997740202241998,0.2435700784767886,0.19931470814551003,0.24469458125962823,0.153987061033886,0.2383516736185122,0.19445363872598279,0.17708494086021764,0.04485483889099972,0.15461032261976768,0.1537527061515176,0.0784366312938411,0.1676207765955744,0.17717856837272833,0.17517729003260893,0.09945062290351983,0.08206963426350507,0.2704154421566687,0.07871494907205998,0.0796981189727117,0.19506118428760208,0.08006916462472229,0.09687166984476346,0.07908005234479107,0.23343425164324497,0.20148110837428215,0.07980705881566358,0.16339639584022425,0.24280338491106362,0.16775446294528606,0.20330824174754167,0.20665196861603102,0.04786238557721742,0.20144513947182924,0.20395099135087374,0.16839086078197602,0.1721232398692644,0.07891597971265675,0.17010901529048908,0.16861831344522024,0.20906593259513476,0.19929747692160507,0.15365799842395286,0.23289988575175846,0.04563020083960541,0.07949034374696823,0.07928049371636335,0.09798272784049337,0.16339639584022425,0.274323662672576,0.20580545631350028,0.1748166998455797,0.16860045068716703,0.1538827477674787,0.07925136785588707,0.16551275071818228,0.24327443406489477,0.24202397897994893,0.26672520307099323,0.07941313066779403,0.09821441694732125,0.17560905813226696,0.23609656308459376,0.0996597503856501,0.20189494330002156,0.07978036580506934,0.16790412468355226,0.231293475082555,0.15595111521800897,0.07926017156648768,0.07832147275071438,0.24096472963796442,0.09875791978141446,0.17815115767695516,0.15375967915162883,0.2054513060618892,0.17947297966402778,0.07949556752037235,0.07864202477893587,0.15379532210697544,0.1760153111081527,0.20800475462641577,0.2438688307610337,0.231293475082555,0.25631897506458334,0.17010901529048908,0.07904475924391258,0.17416503425665847,0.15367087488945946,0.08184113267803633,0.07823865729384774,0.20195779442055278,0.165704157669063,0.15421195754443692,0.1721646259385732,0.17018653061722033,0.09729719421808097,0.07896305064134183,0.19829813900767979,0.07941313066779403,0.07930239198762196,0.16860045068716703,0.09755605244833289,0.07930239198762196,0.07886046724193362,0.15438461193177327,0.15615905645609646,0.07891597971265675,0.20254343764562166,0.27151890933027284,0.1538827477674787,0.20228863694739,0.1748166998455797,0.23148229495176936,0.07984785873150847,0.07864065527929573,0.19753594460366256,0.153987061033886,0.16951020115351786,0.16872840155890162,0.17015407601596463,0.19678174961634073
3,0.15774287034953105,0.1656724262859314,0.19296020265250197,0.15652606330664384,0.16380237664745587,0.07399133946054069,0.23067576924054417,0.19402092656894865,0.16900551068779637,0.23340083451803909,0.2595765356171765,0.07523051512058263,0.07524548845530168,0.22589965892329802,0.16144801533526484,0.2370849550211976,0.19400253052582483,0.16697085959336153,0.07350859367079944,0.07830056233708312,0.09171734412636069,0.07561701734150773,0.0736855733265573,0.1907960534130545,0.1121571551131205,0.07791716557033414,0.23704917561479066,0.15756895587602904,0.16797266269871747,0.07434276592705413,0.17437352107412496,0.07434276592705413,0.16697085959336153,0.0774569637336526,0.0747940383023776,0.2696019289036895,0.1880482262525846,0.2485314522111633,0.19008206061350538,0.07498859352583902,0.0747861815830008,0.19824032591234253,0.07524548845530168,0.23064980981990268,0.22403070573288678,0.15580036457221944,0.07770170353281095,0.07579841408374283,0.15859815813389433,0.13569670744241466,0.1940266367001528,0.22613780362659153,0.19344367145755534,0.23575049038300297,0.13607723281183623,0.22708106568850892,0.18869506517101692,0.17072093427800536,0.03789098657079364,0.13677249795080942,0.1358232217485541,0.07373304401452373,0.15994018541486704,0.1698963071532096,0.16946433666548585,0.0928610819591381,0.07808230656348002,0.25969226854809596,0.07453392617751763,0.07549332091785375,0.189558024590969,0.07595483012587785,0.09142828261637917,0.0750192350693989,0.22045899924582352,0.19243377273400372,0.07555584296288563,0.1563418632248087,0.23319181528627048,0.1596705519724453,0.19237139722393717,0.19538788408110078,0.04154016409578361,0.192411081497146,0.1834710904751063,0.1501023505539773,0.16380237664745587,0.07413660565450764,0.16273558974739333,0.1504471927079396,0.19571273125065042,0.19343176054895547,0.13568789139161894,0.22588221310934128,0.03840327216969157,0.07462094162174869,0.07523051512058263,0.09223175442297459,0.1563418632248087,0.26960049245619433,0.19297455908473174,0.16809045299901249,0.15960242001942754,0.13592663099573918,0.07519802732302325,0.15756895587602904,0.23344257268687754,0.23212832477829065,0.25775195632571196,0.0753881292894612,0.09243177748965493,0.16797266269871747,0.22403070573288678,0.09392175884276059,0.19787063438610417,0.075725273829244,0.16144801533526484,0.21765754147019772,0.13833525919322492,0.07509720723912063,0.07360510517863858,0.23067576924054417,0.0934202400287648,0.17283855896783365,0.1358122064421889,0.1922413088026997,0.1726507696593635,0.07471543203323383,0.0744734028940096,0.13584813966301643,0.1694914692535105,0.1932705053072051,0.22716421925070246,0.21765754147019772,0.24675515847161708,0.16273558974739333,0.07487220986148015,0.16831798581518564,0.13571131373282944,0.07763316415473592,0.07352049254270351,0.197923946923931,0.15777730065583648,0.1362564003483369,0.1650493742322119,0.16150879749678324,0.09072741847874265,0.0748800696240292,0.19474305884594595,0.0753881292894612,0.0751004845690262,0.15960242001942754,0.0910103460857795,0.0751004845690262,0.07470938624959424,0.13659030731835134,0.13850356690001486,0.07413660565450765,0.19065533847701552,0.26183993248558884,0.13592663099573918,0.1900878799668477,0.16809045299901249,0.21789546396918444,0.07499205435935936,0.07446212214674221,0.18877726193026642,0.1360772328118362,0.15152327485880368,0.1597582781248708,0.16389570326532985,0.19276660721832092
4,0.15037416113091256,0.15934442330806836,0.18641665677343544,0.1506665780775938,0.15725731039973037,0.07079390835234907,0.21241539680175367,0.18098566315839607,0.16309193013788897,0.22594170460779847,0.23823682524238102,0.07245997089221283,0.07237924878553756,0.21932006722857622,0.15619869529909197,0.22999986832276048,0.1887782392072389,0.16226646991570354,0.07030691678502307,0.07554074078983848,0.08778054357538449,0.07282371658753357,0.07049690777651553,0.18686399112624627,0.0969634708914275,0.07501418959470571,0.22996307365476965,0.15076101578414128,0.16192115690720613,0.07110305560471308,0.16932878762588063,0.07110305560471307,0.16226646991570354,0.07411395821514787,0.0720120611555573,0.25703606518975125,0.18144365606624527,0.22886305914796845,0.18396350643450624,0.07221276310043767,0.07199948485434737,0.19283410190327804,0.07237924878553757,0.21117317516078457,0.2053648490395669,0.14705217401250018,0.07431487459349233,0.07289372140317538,0.15302669900128665,0.12116983427227952,0.18926263633774332,0.20559689312349452,0.1885918200531308,0.21828928140531528,0.12158413214575087,0.20855511731220955,0.18389033638036587,0.16537104807498165,0.03308505680690241,0.12220447385077216,0.12130813107757119,0.07055509083282929,0.15342250119440787,0.16409837829785578,0.16503633209452181,0.08822748354093315,0.07535869338264173,0.23833261397455613,0.07162365833702143,0.07263813356387606,0.18500032572823963,0.07314875163128896,0.08749941275343136,0.07224428109562504,0.20159277941777062,0.18577912770731417,0.072639993103017,0.15045375750147427,0.21520386636950428,0.1524933390451124,0.18326985808452792,0.1843212573006721,0.03649804855771464,0.18576187533520006,0.16648242348485448,0.13422507791139437,0.15725731039973037,0.07089940376129382,0.1565713789439041,0.13454525423895197,0.1836940009790227,0.18853366824847037,0.12115349251497375,0.219301660300697,0.03372044463352683,0.07133501334666072,0.07245997089221283,0.08819756189351373,0.15045375750147427,0.2570316758751923,0.18079575035642653,0.16249621344808265,0.15253927965193376,0.12141455876810613,0.0724284690306833,0.15076101578414128,0.2259823141769133,0.21399037912238372,0.23661234871425457,0.07262952564888804,0.08840821974641923,0.16192115690720613,0.2053648490395669,0.0899086358641264,0.19239332617119506,0.07295333621606906,0.15619869529909197,0.1985840980243708,0.12383877673320245,0.07219731937323035,0.07040318500679019,0.21241539680175367,0.08956149206593896,0.16875909330158878,0.12131129756144719,0.17979395111194837,0.16718464652763837,0.07148509203428874,0.07157354090711136,0.12131609346500513,0.16402746869863935,0.179857585615406,0.2068886228706833,0.1985840980243708,0.22716048982372203,0.1565713789439041,0.07196339432833351,0.16375886669963433,0.12116907422802328,0.07478015095271444,0.07031811753739532,0.19247912064488498,0.15098498834140345,0.12173148064533201,0.15912877736365555,0.1546927444989265,0.08610158853922839,0.07209838301117355,0.18989116323117727,0.07262952564888804,0.07220381309727479,0.15253927965193376,0.086402098189327,0.07220381309727479,0.07182071479321894,0.12205472335159079,0.12397946595853164,0.07089940376129382,0.18047693848921573,0.24018366230572544,0.12141455876810613,0.1794144969768961,0.16249621344808265,0.19883102136692835,0.07171717523943183,0.07155467195779684,0.18235789176065478,0.12158413214575087,0.13572151068359514,0.1527175358547126,0.1588803132511435,0.1873454411958334
5,0.1431810078611091,0.1537475786205965,0.18004955654968996,0.14583469774815605,0.15143247447215746,0.06797116078696978,0.19843928478584594,0.16988327772441533,0.15793090617944872,0.21932847272232442,0.22262046818903972,0.0702627991532642,0.07011355590087559,0.213924665692993,0.1518413987699601,0.22338085889942969,0.18375057382515986,0.15833294359774497,0.0674858666614232,0.07330552238686595,0.08452895181250933,0.07062089122406578,0.06767938466954813,0.18319833746747444,0.08286090149867151,0.07274376592981417,0.22334279521733127,0.14427034849800255,0.15662190187555874,0.06826833013520445,0.16476034365388612,0.06826833013520445,0.15833294359774497,0.07119172866777865,0.06978418529127263,0.24693774263813775,0.17499037669790654,0.21447668605367634,0.17789268842217215,0.06999507021483227,0.06977259338403978,0.18761836017402955,0.07011355590087559,0.1958812068052534,0.19078843563268014,0.1390066840701741,0.07136620894209977,0.07062307120972165,0.14841328992984548,0.10938741125345391,0.1848216963942467,0.18905011938521243,0.18406264222708368,0.20514912268372276,0.1098435522428597,0.19421801540479655,0.17937912692627309,0.1604981494570913,0.02958010574284836,0.11043121523502472,0.10954350420195724,0.06774418311871312,0.14726470482331144,0.15905002842820007,0.16129267408528222,0.08434303269350706,0.07315077481578103,0.22270187916860798,0.06937061239559864,0.07039246072990792,0.18077055524845484,0.07090767973522646,0.08426742284086486,0.07003500188416668,0.18675316558137864,0.17937909943358749,0.070347896502533,0.14560073431694168,0.20155212043955867,0.14652071613646644,0.17380638313911365,0.1753168933852396,0.03287815436753133,0.17936674561256263,0.1533395157564392,0.12166609473700346,0.15143247447215746,0.0680574777275849,0.15078092431638315,0.12197688970380642,0.17357884796438938,0.18399478861259605,0.10937030409450813,0.2139050045199578,0.030240388367024154,0.06846836820203861,0.0702627991532642,0.08507806683650859,0.14560073431694168,0.2469260177409328,0.1709175622209101,0.15734553855646605,0.14619446615306517,0.10964343492451471,0.07022556571033502,0.14427034849800255,0.21936719287959563,0.20018022712116382,0.2215697284375655,0.07045259690423673,0.08530161246492096,0.15662190187555874,0.19078843563268014,0.08680473738839986,0.18711328633851382,0.07073937458576934,0.1518413987699601,0.18356176128729504,0.1121609463633902,0.06994226403246305,0.06757853965450392,0.19843928478584594,0.08634622514156994,0.16523720230808103,0.10955165437975811,0.16956500790240572,0.1624197093932497,0.06864673123212994,0.06932231990189401,0.10954746355773913,0.1590267465040854,0.16838433996966348,0.1906481991281934,0.18356176128729504,0.21272666211702704,0.15078092431638315,0.06969894060792144,0.15992614738319977,0.10938552650869347,0.07252997134647217,0.06749189771149362,0.1872107746120966,0.14452540720634477,0.1099731441164485,0.15361649366608468,0.1485895827777807,0.08222696614984157,0.06987428124959406,0.18526549707701623,0.07045259690423673,0.06994132350952324,0.14619446615306517,0.08253662977857323,0.06994132350952324,0.06957529772895357,0.11029940877381779,0.11228669716819525,0.0680574777275849,0.17012907313309658,0.2244378997254117,0.10964343492451471,0.1688077651520922,0.15734553855646605,0.18381842840057078,0.0688494282861227,0.06930730139335349,0.17612783608509278,0.1098435522428597,0.12326070040689847,0.14639550262996315,0.15470368044208005,0.18211159839481145
6,0.13708583026777205,0.14855716449702722,0.174622927741206,0.14137444565042973,0.1460336864203278,0.0656413286222289,0.18693915507973563,0.1605204458219432,0.15312924859561614,0.21375151172366513,0.21075123744325364,0.0685205766213642,0.06825872254658177,0.20944095215111072,0.14772142114841397,0.2179411272895745,0.1789885451217697,0.15455735881272367,0.06515279468850897,0.07150156886458871,0.0819694220714174,0.06887198086103266,0.06535435668018906,0.17976214565572515,0.07260762925942288,0.07085743362435788,0.2179019164375634,0.13903082721905155,0.15169337499058175,0.06592748230024713,0.16100612537111345,0.06592748230024713,0.15455735881272367,0.06878701597657236,0.06801359350901448,0.23735997402327666,0.1694019207493813,0.20359907340801636,0.17272246185012763,0.06823237321397788,0.06800364038091067,0.1825621636784815,0.06825872254658177,0.18408802971951035,0.17886984665340427,0.13225143653414073,0.06894628504727655,0.06875596507848665,0.1441114863717731,0.10071812030644087,0.18093457016245693,0.17621157826835213,0.18008095751405392,0.1943126934336668,0.10119924159913937,0.18246894942042222,0.1753953408446783,0.15648390717125443,0.02678297805557805,0.10176511027158101,0.10088746765327106,0.06542097144532422,0.14227399347512376,0.15435372710671727,0.15768808064048084,0.08106951792999788,0.07137025308811884,0.21081298218865835,0.06753914754860456,0.0685531522585649,0.17710746809736086,0.06914049295626863,0.08171286331270217,0.06827788088131807,0.17463416822950611,0.17383713671615406,0.06846469333766232,0.14112324940456536,0.19032453829821055,0.1407830146597409,0.16580872030659505,0.1672126744312536,0.030023497155902124,0.17382263384690436,0.1434512751821391,0.11231615372338881,0.1460336864203278,0.06571330407065167,0.14606432572147438,0.11263284739695767,0.16520291974049747,0.1800087625739434,0.10069598378923335,0.2094213073241629,0.027571136865675493,0.06610311249473044,0.0685205766213642,0.08242050054171546,0.14112324940456536,0.23734615248891486,0.16188560177723785,0.15312386232879915,0.1403379447890396,0.10098989026924443,0.06847104443454215,0.13903082721905155,0.2137889233293177,0.18882774609338926,0.21024850805724754,0.0687225368056466,0.08266825713382962,0.15169337499058175,0.17886984665340427,0.08416931930872827,0.18200290069816336,0.06899279484901813,0.14772142114841397,0.17128643294850152,0.10353353308168178,0.06808991014656582,0.06523858527425715,0.18693915507973563,0.08378195379587014,0.16181980039561364,0.10090949075239418,0.16016223005395266,0.15799913925208575,0.06629773892231283,0.06748657885270938,0.10088478341292716,0.15491187105043772,0.15870366077443995,0.17810917928280298,0.17128643294850152,0.20166459718296822,0.14606432572147438,0.06784925060419428,0.15624267900346572,0.10071241754980131,0.07066697372563285,0.0651582565728748,0.1820934699942909,0.13930622893380948,0.10131392709621351,0.14912391228499286,0.14294343319251304,0.07894371499220615,0.06810786709112636,0.18069325513794066,0.0687225368056466,0.06808498013604299,0.1403379447890396,0.07925941992661674,0.06808498013604299,0.06774022815476381,0.10164808364905922,0.10364315291622657,0.06571330407065167,0.16109790659273795,0.2124944025283103,0.10098989026924442,0.15942798849313605,0.15312386232879915,0.17155189963475817,0.06647963341341362,0.06748085140014828,0.17077006754847351,0.10119924159913937,0.11396268515294121,0.1405573176787495,0.15072904180106964,0.17706613394444037
7,0.13082336865834582,0.1438933396852543,0.16927269170710157,0.13694282663321486,0.14117316850561376,0.06373803250798141,0.17770798946695432,0.15279805030519647,0.14886608473669874,0.20906208348238503,0.20101343034856994,0.0667629444801619,0.06642261951255962,0.20544144846711163,0.1435305842452995,0.21304227543922297,0.1741937577468307,0.1506196017090573,0.06324889725855276,0.06969840057508146,0.07937679919675879,0.06710746401813276,0.0634579449055246,0.175223502700489,0.06482717169399727,0.06898048106581692,0.21300342849093415,0.1334592399220237,0.14730491485221456,0.06401055715395686,0.1570422866484462,0.06401055715395686,0.1506196017090573,0.06682313031817247,0.06624160658263933,0.22950729682375268,0.16378257567047913,0.19466954578013657,0.1674370707959054,0.06646578074106242,0.0662348933622508,0.17746800464329396,0.06642261951255962,0.17468906431224432,0.1692929278437347,0.1265019638262639,0.06696664911722072,0.06691710051722351,0.13979213672649093,0.09406510973546438,0.1758279153045671,0.16605896883556204,0.17483394524791376,0.1855743312508484,0.09455341765996353,0.17304069117358328,0.17018937132584602,0.15223556481010794,0.02452577653414773,0.09509846533215068,0.09424401996019287,0.06352415262327477,0.13691485437109463,0.1501934077678488,0.15389165456878579,0.07832356531707127,0.06958393431419602,0.20108592898028732,0.06573770998926926,0.06673548085218355,0.172076392131238,0.06735802573857716,0.07913052167116995,0.06651616150794498,0.16488367956777036,0.16826323907403642,0.06660597009750427,0.1366830685481952,0.18130054420900923,0.1353448018458134,0.15805189592354993,0.16007143494527226,0.02769330559197779,0.16824154869642724,0.1355323980825079,0.10507342620712276,0.14117316850561376,0.06379783877573987,0.1409768474007621,0.10539536006684931,0.15836991621307908,0.17476090075464387,0.0940386367916587,0.20542071217128213,0.025265327772505244,0.06416889601947588,0.0667629444801619,0.07982158361576516,0.1366830685481952,0.22949225660191044,0.15394995809822581,0.14862754466428052,0.13507713725489498,0.0943449008920663,0.0667074741781586,0.1334592399220237,0.20909988114637484,0.17971088825863643,0.20113788848001307,0.06697522653960503,0.08008013533979574,0.14730491485221456,0.1692929278437347,0.08156205899445466,0.17683141366164018,0.06722859136601157,0.1435305842452995,0.16139659413290877,0.09690518870220362,0.06626560332116754,0.06332923733968236,0.17770798946695432,0.08118369025293949,0.15818020052414045,0.09426882470709846,0.15198422749374674,0.15409527047576937,0.06438236590781789,0.06568216086437832,0.09423483684041911,0.15055043647492822,0.15063963648417247,0.16816273163915618,0.16139659413290877,0.1925539206769729,0.1409768474007621,0.0660384610869754,0.15238105878378666,0.09405670776649448,0.06881035842032107,0.06325331549430434,0.1769181275071251,0.13375056624929998,0.0946567945306463,0.14427615753647613,0.13785924666332838,0.07620491737890722,0.06634098969772285,0.17616217991051683,0.06697522653960503,0.06624302121534434,0.13507713725489498,0.07652324608144552,0.06624302121534434,0.0659326884721453,0.0949949925690484,0.09700306772560842,0.06379783877573987,0.15236842048779475,0.20270312871866028,0.0943449008920663,0.15043209544960276,0.14862754466428052,0.1616707043397434,0.06454581866781767,0.06567940823599255,0.1653086920492125,0.09455341765996352,0.10677944554661499,0.13531138604575743,0.14664061086818034,0.17203782584693678
8,0.12496800778010086,0.1399814340829361,0.16458241095158335,0.13283589967196224,0.13709980982433273,0.0621444277483818,0.1695713656553349,0.14619030947211936,0.14525968953174812,0.20483048962652006,0.19165482313222795,0.06492768273470753,0.06485098352112004,0.20184318184597339,0.13964611739053448,0.2081382517257277,0.16894406345549728,0.14699692791008873,0.061655998947589455,0.0678229180735273,0.07682610419658382,0.06525705105895217,0.06186751752769216,0.17078635834502312,0.058763942390548204,0.0673675037899182,0.20809917165980293,0.1282717910312523,0.14360406156251923,0.06240720069295043,0.15318750823527974,0.06240720069295042,0.14699692791008873,0.06517768323695389,0.06440095555064182,0.22169401363462735,0.15884425777844435,0.1859530012563708,0.1628773104021385,0.06462741147481114,0.06439681950535443,0.17203519713582213,0.06485098352112004,0.16605861124435897,0.16097215820082267,0.12177162002748089,0.0653087336338542,0.06534431420829927,0.1357860590009889,0.08860897069975733,0.17096475408557604,0.15700734053459667,0.169884636960847,0.17770916861252045,0.08909243311728493,0.1647948074056753,0.1652755281425316,0.148152039648428,0.022727269137670505,0.08960877778187606,0.08878810738405758,0.06193563537134324,0.13190734683141944,0.1466611587979592,0.15041134375414666,0.07605515562903245,0.06772309151421012,0.19172331138378032,0.06419790029387204,0.06518033334802074,0.16732693329485632,0.06551233816443289,0.07657839590384037,0.06468034259781132,0.1564691471151823,0.16336716208134308,0.06501873393429457,0.13256612952389327,0.1732633808087044,0.13074119598009737,0.15076405540324095,0.15412411922465058,0.02577415311441199,0.163335719087924,0.12920744537346915,0.09916644317218332,0.13709980982433273,0.0621935153593238,0.13621050345361513,0.09947511116454692,0.15233095591685225,0.1698146021050977,0.08858051596135881,0.20182118869891472,0.02333964934238033,0.06255164232584615,0.06492768273470753,0.07761028154077017,0.13256612952389327,0.22167712913737844,0.14741329549093926,0.14433835702766065,0.13067982885428123,0.08888825807057972,0.0648698825310727,0.1282717910312523,0.20486950580580982,0.17162241669957914,0.19240541982715365,0.06513723262530557,0.07787877389250389,0.14360406156251923,0.16097215820082267,0.07933943596908068,0.17135888843590807,0.065396125909116,0.13964611739053448,0.15289441081110827,0.09138952975753022,0.06470359829364129,0.06173118691430514,0.1695713656553349,0.07862546137705345,0.15485555070161822,0.08881657912277731,0.1452528358950779,0.1507481126240046,0.06278940786484091,0.06414018680920702,0.08877712124147706,0.1463738918751597,0.14381525684247146,0.1592715072934629,0.15289441081110827,0.18363399442221623,0.13621050345361513,0.06448800160059748,0.14883530211969986,0.08860131995052908,0.06721599100419394,0.06165890906274859,0.1714422029191673,0.12857204364156316,0.08918680957986609,0.13970797275221822,0.1336089566668675,0.07394805546116325,0.06450063552207584,0.171066522309816,0.06513723262530557,0.06466992315575988,0.13067982885428123,0.07427484610749953,0.06466992315575988,0.06438631581202045,0.08951638899684825,0.09147811179986341,0.06219351535932379,0.14441578861011872,0.19329124425364097,0.08888825807057972,0.14233893815982654,0.14433835702766065,0.1531741835672241,0.062938047242364,0.06413918549383052,0.16053268640545273,0.08909243311728493,0.10085142255770706,0.13092775757540268,0.14285998748233458,0.16663434979891986
9,0.1197570490368847,0.13659936562957636,0.16059061151399667,0.1288766543601118,0.13358367756654685,0.06081454034488384,0.16261202084720258,0.14078266826531297,0.14212077041671062,0.20100379603945392,0.18369759715630707,0.0631637882657554,0.06342986811054557,0.19846021058335162,0.13597926369341362,0.20353892185039202,0.16401755558524753,0.14364955930499065,0.06032622504990386,0.06604008656683277,0.07440870682471609,0.06348436362967894,0.06053997970061772,0.1667582308550459,0.05376632859152094,0.06591286232585715,0.20350031005367883,0.12325277138954795,0.14039235855193952,0.06107144866480244,0.14942010467710143,0.061071448664802436,0.14364955930499065,0.06381451894432098,0.06264409362157805,0.21503014940232604,0.15449448867073623,0.17855691612928845,0.15894614225468293,0.06286892122858284,0.06264093571488068,0.16688492353960413,0.06342986811054559,0.15863298145836482,0.1538314807158312,0.11784266325538692,0.06393719209157656,0.06392119422392464,0.13195601423139044,0.08403739843467994,0.16656810317905615,0.14931941605092605,0.16542184120315218,0.171024378666,0.08451502347868019,0.1577318735964262,0.16084535717722484,0.14414391254157546,0.021262022309424027,0.08500840389843727,0.08421802164047276,0.06060790587575699,0.12702104556347615,0.1435769444726945,0.14719900961319846,0.07418692966415837,0.06595045897424283,0.18376641453210385,0.06279055921933722,0.06376925540733515,0.16301727503279648,0.06374827921724702,0.07415556740047488,0.06292178330094027,0.14923709724411077,0.15908183150523808,0.06358364231917135,0.128597027065384,0.16641095960319954,0.12627067032330636,0.1440867994197117,0.1484412835501627,0.024089628608583668,0.15902831773429668,0.12378522881197944,0.0941597344654694,0.13358367756654685,0.0608565647724296,0.13152085049674453,0.09445623160807595,0.14739268025827149,0.16536024843020428,0.08400776928233189,0.19843854926534907,0.021680561802084445,0.06120371123305959,0.0631637882657554,0.07557453004501388,0.128597027065384,0.21501169437815573,0.14130349089387612,0.14011402804941464,0.12689306274884735,0.08431232823208332,0.06311073850394297,0.12325277138954795,0.20104332450969253,0.16471636755101493,0.1851213294653731,0.06337701833854345,0.07585670992066489,0.14039235855193952,0.1538314807158312,0.07730381609901378,0.1661544220060285,0.06364360586491018,0.13597926369341362,0.14556726057302685,0.08678689354347677,0.06328644495729085,0.060398036660008536,0.16261202084720258,0.07620588413142879,0.151786058912912,0.08424787177592037,0.13899693393085447,0.14780149517969693,0.06146285845338605,0.06273096235296152,0.08420348756676738,0.1422656366765582,0.1382335973032761,0.1516120965216115,0.14556726057302685,0.1760228924782091,0.13152085049674453,0.06307786639971859,0.14556317830149287,0.08403082733835927,0.06577128203789297,0.06032807251724944,0.16624359237760447,0.12355492680940762,0.0846028720027798,0.13519773649,0.12994621960557617,0.07207330836142076,0.06274156129482812,0.16627436491315312,0.06337701833854345,0.06324807781247208,0.12689306274884735,0.07241132119182073,0.06324807781247208,0.06297656491975014,0.0849213653895878,0.08686858818788211,0.0608565647724296,0.13742384191499077,0.18533261688200747,0.0843123282320833,0.1353097784330554,0.14011402804941464,0.1458567564968973,0.061599200624907584,0.06272965965845143,0.15641826063073366,0.08451502347868019,0.09584049105577486,0.1271526817890411,0.1393305634459704,0.1614839187064449
